id_alumno,nombre,apellido,email,nota_1p,nota_2p,nota_final,id_genero
1,Tamarah,Manach,tmanach0@about.com,1.88,1.89,3.65,1
2,Lise,Tomblett,ltomblett1@lycos.com,1.60,4.88,4.70,1
3,Tymothy,Burch,tburch2@cornell.edu,7.62,2.88,3.67,2
4,Alwin,McKeurton,amckeurton3@godaddy.com,8.75,6.08,,2
5,Reidar,Shreeve,rshreeve4@npr.org,1.39,4.28,2.88,2
6,Harwilll,MacDonell,hmacdonell5@forbes.com,2.83,7.78,9.31,2
7,Fielding,Bernardelli,fbernardelli6@google.ca,5.56,1.39,2.01,2
8,Talyah,Eddie,teddie7@zdnet.com,3.71,6.29,,3
9,Lanny,Sigmund,lsigmund8@aol.com,7.46,6.05,1.28,2
10,Morry,Josovich,mjosovich9@purevolume.com,3.36,1.91,5.75,2
11,Jan,Bilovus,jbilovusa@walmart.com,4.97,4.94,,3
12,Steffen,Assante,sassanteb@ow.ly,9.71,6.98,1.97,2
13,Clemmy,Coggles,ccogglesc@bbb.org,6.20,4.02,7.27,1
14,Maxy,Tixall,mtixalld@eepurl.com,4.22,9.51,7.36,2
15,Dewey,O'Hickee,dohickeee@sina.com.cn,6.97,3.69,9.86,2
16,Trumaine,Hacquoil,thacquoilf@youtube.com,3.13,4.94,4.93,2
17,Rafaelita,Stockbridge,rstockbridgeg@g.co,2.27,4.22,2.10,1
18,Manolo,Broadway,mbroadwayh@nsw.gov.au,1.29,8.10,1.27,2
19,Maurice,Ragdale,mragdalei@illinois.edu,7.93,8.50,5.77,2
20,Eolande,Dudderidge,edudderidgej@bravesites.com,9.53,6.06,1.50,1
21,Kaylyn,Ascrofte,kascroftek@hostgator.com,2.79,2.42,7.00,1
22,Merola,Alejandri,malejandril@google.com.hk,8.20,7.57,4.11,1
23,Birgitta,Mumberson,bmumbersonm@sun.com,5.92,2.95,1.00,1
24,Irena,Gladhill,igladhilln@homestead.com,7.42,8.69,1.84,1
25,Rhodie,Maneylaws,rmaneylawso@mlb.com,1.37,3.60,2.59,1
26,Ossie,Hulburt,ohulburtp@cmu.edu,7.89,8.20,5.49,2
27,Basilio,Happs,bhappsq@yandex.ru,7.19,3.02,1.56,2
28,Franky,Copestake,fcopestaker@dedecms.com,1.43,8.08,8.05,2
29,Margot,Bignold,mbignolds@people.com.cn,3.18,8.50,4.92,1
30,Dyana,Seaward,dseawardt@nbcnews.com,7.34,6.86,7.31,1
31,Tripp,Durno,tdurnou@a8.net,3.67,9.69,8.39,2
32,Chucho,Goakes,cgoakesv@mediafire.com,2.85,8.47,5.26,3
33,Mathilde,Look,mlookw@printfriendly.com,7.44,4.17,8.32,1
34,Rozelle,Briers,rbriersx@unc.edu,7.89,5.64,8.81,1
35,Joell,Pirrey,jpirreyy@usnews.com,8.23,9.51,,1
36,Wanids,Swinn,wswinnz@google.de,2.83,4.99,8.33,3
37,Kele,Ritmeyer,kritmeyer10@upenn.edu,2.88,9.75,4.56,2
38,Lorilyn,Ladloe,lladloe11@shinystat.com,3.91,9.40,4.80,1
39,Robb,Yurmanovev,ryurmanovev12@tiny.cc,5.58,7.60,1.60,2
40,Ilse,Pyle,ipyle13@disqus.com,1.84,9.07,9.36,1
41,Clarice,Stallan,cstallan14@cornell.edu,7.69,9.41,,1
42,Akim,Southerden,asoutherden15@homestead.com,2.66,4.89,7.10,3
43,Kelli,Dewey,kdewey16@geocities.com,8.94,2.79,9.06,1
44,Tully,Philpault,tphilpault17@pagesperso-orange.fr,3.04,9.50,,2
45,Culley,Mebius,cmebius18@mozilla.org,4.68,6.19,3.42,2
46,Andra,Fawthrop,afawthrop19@51.la,6.38,2.59,6.92,1
47,Berty,Stoate,bstoate1a@cnbc.com,7.59,2.55,7.81,2
48,Hynda,Tuckwell,htuckwell1b@furl.net,9.46,2.93,,1
49,Torey,Sigfrid,tsigfrid1c@naver.com,5.01,2.80,6.55,4
50,Cull,Whyard,cwhyard1d@storify.com,9.17,3.77,4.12,2
51,Rachael,Evenden,revenden1e@prweb.com,6.70,5.87,9.47,1
52,Phoebe,Avrahamoff,pavrahamoff1f@about.com,3.06,3.92,3.67,3
53,Adriane,Rishman,arishman1g@aboutads.info,6.21,5.85,3.45,1
54,Aron,Clara,aclara1h@uol.com.br,7.79,2.13,8.20,2
55,Isidora,Marzello,imarzello1i@washingtonpost.com,9.71,2.25,2.24,1
56,Fairleigh,Kepe,fkepe1j@nhs.uk,2.17,2.42,5.55,2
57,Marleen,Piotrkowski,mpiotrkowski1k@gmpg.org,2.18,2.38,8.82,1
58,Elinore,Dunklee,edunklee1l@rakuten.co.jp,3.75,5.59,1.33,1
59,Darby,Freen,dfreen1m@gnu.org,6.54,3.36,1.80,2
60,Vikki,Khosa,vkhosa1n@youtube.com,4.65,7.39,,1
61,Lina,Cominotti,lcominotti1o@fastcompany.com,4.70,8.48,7.02,1
62,Devin,Houtbie,dhoutbie1p@eepurl.com,6.56,8.40,5.73,1
63,Ron,Rudeforth,rrudeforth1q@moonfruit.com,2.87,5.17,7.06,2
64,Donielle,Meharry,dmeharry1r@ucoz.com,2.00,6.31,3.49,1
65,Cindy,Sellar,csellar1s@theguardian.com,6.58,8.32,,5
66,Caril,Strettle,cstrettle1t@51.la,1.66,7.74,1.17,1
67,Brnaby,Tawton,btawton1u@de.vu,4.64,9.68,6.89,2
68,Jarid,Sclanders,jsclanders1v@smugmug.com,2.01,9.91,9.22,2
69,Traci,McLeary,tmcleary1w@meetup.com,1.04,5.10,3.36,1
70,Josephina,Daud,jdaud1x@hostgator.com,7.73,4.54,4.91,1
71,Ruby,Lunnon,rlunnon1y@sakura.ne.jp,1.29,9.42,1.20,2
72,Calv,Coneybeer,cconeybeer1z@huffingtonpost.com,4.50,9.48,1.59,2
73,Flynn,Hedditch,fhedditch20@amazon.de,6.11,8.11,6.43,2
74,Morganne,Meddings,mmeddings21@google.ru,2.71,8.15,3.66,1
75,Karlis,Brando,kbrando22@purevolume.com,2.15,8.46,1.01,2
76,Lorry,Farden,lfarden23@globo.com,5.01,5.04,,2
77,Eldredge,Campione,ecampione24@trellian.com,8.94,7.81,1.35,2
78,Buddie,Devil,bdevil25@creativecommons.org,9.43,2.13,6.19,2
79,Lazare,Abrahmovici,labrahmovici26@forbes.com,7.63,4.57,8.67,6
80,Zea,Bulle,zbulle27@yale.edu,7.04,6.22,3.59,1
81,Padraic,Galer,pgaler28@gravatar.com,6.53,7.80,,7
82,Kippar,Lusted,klusted29@photobucket.com,1.86,9.80,,2
83,Hort,Ferraron,hferraron2a@google.com.br,4.55,7.97,6.86,2
84,Elysee,Pavlov,epavlov2b@netlog.com,2.58,9.72,8.49,1
85,Constancy,Gillebride,cgillebride2c@networkadvertising.org,4.63,4.96,6.85,1
86,Nikita,Haugeh,nhaugeh2d@about.com,4.58,7.58,7.12,2
87,Isa,McCarrick,imccarrick2e@wired.com,3.99,2.00,1.02,2
88,Gleda,Feldon,gfeldon2f@icio.us,7.64,3.28,2.75,1
89,Bendix,Eggleston,beggleston2g@samsung.com,2.15,4.52,,2
90,Hieronymus,Eliot,heliot2h@uol.com.br,9.15,5.59,5.57,5
91,Corney,Djakovic,cdjakovic2i@si.edu,6.42,7.56,8.60,2
92,Junette,Duchateau,jduchateau2j@alexa.com,8.12,5.84,2.23,1
93,Adrien,Mahmood,amahmood2k@trellian.com,6.57,2.65,9.32,2
94,Lesley,Clampe,lclampe2l@oracle.com,8.31,3.87,,2
95,Chanda,Tanzig,ctanzig2m@cbslocal.com,8.58,5.99,7.21,1
96,Quinlan,Roocroft,qroocroft2n@statcounter.com,2.13,7.96,8.70,2
97,Ezequiel,Sames,esames2o@aol.com,1.11,7.54,5.87,2
98,Jodee,Strange,jstrange2p@usatoday.com,1.78,6.31,,1
99,Jen,Boulger,jboulger2q@smh.com.au,1.31,1.37,,1
100,Odelia,Standall,ostandall2r@elpais.com,6.72,9.36,9.46,1
101,Casey,Marron,cmarron2s@geocities.com,2.69,3.07,,1
102,Dot,McBeth,dmcbeth2t@cmu.edu,1.32,1.10,7.04,1
103,Uta,Domanek,udomanek2u@homestead.com,6.67,4.79,8.36,1
104,Prudy,Calver,pcalver2v@prnewswire.com,4.31,2.91,1.69,1
105,Roanna,Ruller,rruller2w@linkedin.com,5.12,1.14,1.56,4
106,Livvyy,Cunnell,lcunnell2x@berkeley.edu,1.23,3.32,3.13,3
107,Garv,Clutterham,gclutterham2y@bandcamp.com,7.53,4.81,7.87,3
108,Nadiya,Barreau,nbarreau2z@storify.com,1.73,7.02,1.79,1
109,See,Pierro,spierro30@webeden.co.uk,5.79,5.12,8.19,2
110,Teodor,Vlasyev,tvlasyev31@nymag.com,7.08,6.76,8.65,2
111,Pall,Bramhill,pbramhill32@sohu.com,6.25,7.25,1.05,2
112,Markus,Alexsandrovich,malexsandrovich33@pen.io,4.86,3.96,,2
113,Emmye,Hinksen,ehinksen34@technorati.com,9.30,7.03,8.28,1
114,Allianora,Sawood,asawood35@joomla.org,1.86,5.54,9.92,1
115,Kathrine,McKibbin,kmckibbin36@myspace.com,1.54,2.40,5.73,1
116,Britta,Linklater,blinklater37@noaa.gov,3.67,2.69,5.05,4
117,Ellynn,Vauter,evauter38@homestead.com,9.94,2.88,5.63,1
118,Dwayne,Avramow,davramow39@google.nl,9.46,9.46,7.72,2
119,Rudie,Hansell,rhansell3a@amazon.co.jp,2.65,1.67,5.85,2
120,Sheffield,Ropking,sropking3b@google.pl,5.53,7.19,8.12,2
121,Davide,Berr,dberr3c@cyberchimps.com,7.43,8.44,5.65,2
122,Mitchell,Verna,mverna3d@woothemes.com,8.60,8.34,8.80,2
123,Maurice,Kinahan,mkinahan3e@gov.uk,1.19,3.39,2.87,2
124,Burke,Stride,bstride3f@ibm.com,6.35,6.97,3.60,2
125,Martguerita,Felmingham,mfelmingham3g@xing.com,9.53,2.28,1.50,1
126,Dalenna,Mussilli,dmussilli3h@seesaa.net,8.69,7.00,3.44,1
127,Eilis,McElroy,emcelroy3i@go.com,2.65,8.94,,1
128,Nikaniki,MacCosto,nmaccosto3j@comcast.net,3.15,5.19,7.29,1
129,Antonia,Matousek,amatousek3k@linkedin.com,1.52,5.62,8.22,1
130,Lukas,Bulloch,lbulloch3l@homestead.com,8.95,5.00,3.44,2
131,Andrey,Fraczak,afraczak3m@ft.com,4.04,6.12,4.16,2
132,Minda,Winslow,mwinslow3n@pbs.org,8.50,8.54,7.94,1
133,Martainn,Wase,mwase3o@sun.com,9.98,7.96,,2
134,Arly,Janovsky,ajanovsky3p@51.la,5.02,6.67,,1
135,Doris,Van de Castele,dvandecastele3q@craigslist.org,7.91,8.28,5.32,1
136,Saidee,Demaid,sdemaid3r@adobe.com,5.02,5.52,6.12,1
137,Karna,Hadaway,khadaway3s@i2i.jp,9.58,3.34,,1
138,Bryana,Carlill,bcarlill3t@dailymotion.com,6.06,6.34,1.27,4
139,Bobine,Imison,bimison3u@bizjournals.com,7.73,8.62,1.46,1
140,Felipa,Tuxwell,ftuxwell3v@msn.com,8.89,5.16,,1
141,Jewelle,Billows,jbillows3w@example.com,1.06,8.48,7.22,1
142,Tally,Neligan,tneligan3x@imageshack.us,7.25,7.11,,2
143,Frederick,Le land,fleland3y@jalbum.net,9.43,3.89,4.08,2
144,Ransell,Kelshaw,rkelshaw3z@arstechnica.com,3.32,7.58,2.03,2
145,Bernardine,Prover,bprover40@businessinsider.com,5.36,8.75,5.15,1
146,Livvie,Valentinuzzi,lvalentinuzzi41@w3.org,1.74,7.48,2.31,1
147,Saree,Sushams,ssushams42@amazon.co.jp,4.45,3.92,8.58,8
148,Britta,Flips,bflips43@cbsnews.com,1.58,6.60,1.80,1
149,Artemus,Swett,aswett44@amazon.de,4.88,1.87,4.86,2
150,Pammy,Wingate,pwingate45@theglobeandmail.com,5.05,7.47,8.94,1
151,Pieter,Hovie,phovie46@yahoo.com,6.60,1.79,2.87,2
152,Darrin,Cahan,dcahan47@comsenz.com,7.75,3.64,7.25,2
153,Oriana,Craister,ocraister48@go.com,1.48,8.36,,1
154,Blondelle,Frankcom,bfrankcom49@ox.ac.uk,7.96,6.65,4.35,1
155,Kelcie,Harpin,kharpin4a@last.fm,2.93,1.73,,1
156,Toddy,Firidolfi,tfiridolfi4b@sohu.com,7.87,7.10,3.91,2
157,Vonni,Yeabsley,vyeabsley4c@rambler.ru,5.27,6.22,4.60,1
158,Anjela,Gladdin,agladdin4d@netvibes.com,9.15,6.59,6.55,1
159,Darb,Cottem,dcottem4e@washingtonpost.com,5.24,2.26,,1
160,Ephrayim,Pamment,epamment4f@foxnews.com,9.14,9.31,4.67,2
161,Marcelline,Starte,mstarte4g@woothemes.com,9.30,5.56,7.32,1
162,Mara,Crippell,mcrippell4h@arizona.edu,2.77,2.05,9.25,1
163,Peg,Mantha,pmantha4i@home.pl,8.54,4.75,9.23,1
164,Torrin,Tropman,ttropman4j@ucsd.edu,3.58,5.35,5.16,2
165,Georges,Leathe,gleathe4k@youku.com,3.02,6.29,,2
166,Homer,Shillitto,hshillitto4l@nature.com,2.78,5.60,9.42,2
167,Guillema,Virgo,gvirgo4m@nsw.gov.au,8.41,6.31,8.92,1
168,Gennifer,Branchflower,gbranchflower4n@drupal.org,4.95,9.30,,3
169,Jaclin,Shipton,jshipton4o@cisco.com,4.22,1.89,,6
170,Dilly,Comrie,dcomrie4p@istockphoto.com,2.31,5.69,4.06,2
171,Enrichetta,Stuer,estuer4q@imdb.com,6.46,4.97,9.40,1
172,Archy,Bagnal,abagnal4r@gravatar.com,6.74,2.72,3.60,2
173,Dal,Constance,dconstance4s@ocn.ne.jp,5.16,7.56,,2
174,Evangelin,Heeran,eheeran4t@people.com.cn,1.23,1.67,2.96,3
175,Kippar,Simionescu,ksimionescu4u@merriam-webster.com,7.88,5.15,9.52,2
176,Eddi,Dietz,edietz4v@storify.com,9.54,4.60,,1
177,Leonerd,Mycock,lmycock4w@edublogs.org,5.78,9.55,1.07,2
178,Aldric,Eagling,aeagling4x@msn.com,5.56,5.94,,2
179,Steve,Yallop,syallop4y@google.nl,1.85,9.88,3.02,2
180,Cyndia,Lorente,clorente4z@multiply.com,7.45,4.27,7.08,1
181,Scott,Cashmore,scashmore50@nature.com,9.24,9.55,1.95,2
182,Thatch,Fairhurst,tfairhurst51@dmoz.org,9.54,4.31,2.79,2
183,Marita,Marchetti,mmarchetti52@yahoo.co.jp,2.24,2.27,,1
184,Gerard,Freer,gfreer53@symantec.com,2.43,8.23,3.48,2
185,Dominique,Saladino,dsaladino54@hibu.com,3.52,4.10,2.17,1
186,Anthia,Hinrichsen,ahinrichsen55@bluehost.com,1.12,7.87,2.34,6
187,Millard,Guerrero,mguerrero56@kickstarter.com,5.10,9.53,3.17,5
188,Merrie,Rogeon,mrogeon57@uiuc.edu,1.04,3.10,4.62,1
189,Stanislaw,Kew,skew58@ihg.com,5.39,5.56,1.52,2
190,Gayler,Darte,gdarte59@acquirethisname.com,8.20,4.57,6.65,2
191,Jerrilee,Torricina,jtorricina5a@yolasite.com,6.34,7.55,7.67,1
192,Peirce,Paddingdon,ppaddingdon5b@reverbnation.com,9.96,7.06,1.75,8
193,Eben,Deedes,edeedes5c@loc.gov,8.73,7.68,9.42,2
194,Geri,Kovnot,gkovnot5d@disqus.com,8.82,5.07,6.57,2
195,Janaya,Cullington,jcullington5e@ustream.tv,1.01,7.13,8.83,1
196,Dorette,Gobel,dgobel5f@reverbnation.com,3.60,4.68,2.67,1
197,Paxon,Bedham,pbedham5g@bluehost.com,6.58,4.76,1.23,2
198,Liza,Gouldstone,lgouldstone5h@time.com,9.41,2.11,,6
199,Karlyn,Brimblecombe,kbrimblecombe5i@bbb.org,2.56,6.02,5.43,1
200,Devin,Lebond,dlebond5j@google.com.hk,3.49,7.55,6.43,1
201,Serena,Avrasin,savrasin5k@deliciousdays.com,6.40,2.84,9.27,1
202,Yule,Suffe,ysuffe5l@sbwire.com,5.73,3.81,,2
203,Elspeth,Goward,egoward5m@mozilla.com,3.83,7.07,8.58,1
204,Jerrylee,Bramsen,jbramsen5n@bloglines.com,7.80,9.03,1.07,1
205,Kalvin,Caley,kcaley5o@goo.gl,2.62,1.75,1.02,2
206,Nester,Josskowitz,njosskowitz5p@timesonline.co.uk,6.69,8.10,4.30,2
207,Sybyl,Daniel,sdaniel5q@indiatimes.com,7.94,7.24,3.31,1
208,Karel,Porter,kporter5r@sakura.ne.jp,1.92,1.47,5.92,2
209,Alice,Yacobsohn,ayacobsohn5s@ezinearticles.com,1.15,9.70,9.10,1
210,Rey,Tamblyn,rtamblyn5t@linkedin.com,3.24,2.97,3.21,2
211,Robinet,Norville,rnorville5u@gov.uk,6.25,4.10,6.42,1
212,Erinna,Neville,eneville5v@flickr.com,8.66,4.25,6.60,3
213,Piper,Pithcock,ppithcock5w@npr.org,1.03,6.42,5.57,1
214,Mendy,Brilon,mbrilon5x@youtube.com,9.91,9.18,9.85,2
215,Broderic,Ebbutt,bebbutt5y@toplist.cz,1.36,6.78,,2
216,Isidor,Carah,icarah5z@posterous.com,5.30,6.78,4.03,2
217,Edward,Halesworth,ehalesworth60@ted.com,7.45,2.30,,2
218,Melisa,Coopey,mcoopey61@usatoday.com,7.96,5.03,5.23,1
219,Rickie,Hebblethwaite,rhebblethwaite62@tumblr.com,3.11,5.58,,2
220,Lombard,Izakson,lizakson63@shutterfly.com,2.92,6.86,6.25,2
221,Noah,Plose,nplose64@pbs.org,2.30,3.71,1.05,2
222,Currie,Claypoole,cclaypoole65@edublogs.org,8.43,5.43,6.21,2
223,Evyn,Hainey,ehainey66@alexa.com,1.99,8.04,2.45,2
224,Findley,Carey,fcarey67@creativecommons.org,3.00,1.93,7.95,2
225,Paul,Issacson,pissacson68@scientificamerican.com,7.66,3.24,4.02,2
226,Robbi,Coulter,rcoulter69@moonfruit.com,3.66,6.28,4.28,1
227,Lauryn,Batte,lbatte6a@list-manage.com,5.82,3.74,9.39,5
228,Channa,Grace,cgrace6b@google.com,3.06,5.06,1.16,1
229,Dolph,Buddock,dbuddock6c@bloomberg.com,3.61,5.81,6.03,2
230,Elissa,Uridge,euridge6d@studiopress.com,2.10,9.76,8.53,1
231,Kala,Beden,kbeden6e@apple.com,5.60,2.89,9.74,3
232,Tootsie,Simmons,tsimmons6f@people.com.cn,6.58,2.11,6.62,1
233,Sandro,Cotilard,scotilard6g@narod.ru,1.72,2.24,,2
234,Reynard,Merrigan,rmerrigan6h@woothemes.com,3.51,1.71,9.17,2
235,Pierce,Firebrace,pfirebrace6i@ameblo.jp,5.06,1.12,2.64,2
236,Garth,Francke,gfrancke6j@baidu.com,5.04,5.42,4.64,2
237,Wynne,Eagers,weagers6k@webnode.com,6.68,6.56,7.87,1
238,Joane,Lanfer,jlanfer6l@nyu.edu,5.72,4.41,4.79,1
239,Job,Quakley,jquakley6m@hatena.ne.jp,9.05,2.96,8.20,2
240,Raven,Setter,rsetter6n@omniture.com,4.32,6.41,,1
241,Durant,Rosenfarb,drosenfarb6o@bbb.org,5.68,4.01,4.11,2
242,Grange,Needham,gneedham6p@ehow.com,4.67,8.42,4.03,2
243,Edita,Wigelsworth,ewigelsworth6q@cbc.ca,6.44,7.18,2.73,1
244,Tess,Okenfold,tokenfold6r@acquirethisname.com,9.09,9.97,2.18,4
245,Vassily,Kleinstub,vkleinstub6s@stumbleupon.com,9.30,2.45,,2
246,Ban,Bennion,bbennion6t@nationalgeographic.com,5.86,8.77,8.32,4
247,Micheil,Hallgath,mhallgath6u@etsy.com,8.91,2.20,2.91,2
248,Danny,McFarlane,dmcfarlane6v@comsenz.com,3.23,8.62,2.18,2
249,Jemmie,Arnoldi,jarnoldi6w@si.edu,3.46,2.42,1.82,6
250,Hazel,Waddell,hwaddell6x@cloudflare.com,3.13,5.06,2.20,1
251,Crawford,Lygoe,clygoe6y@yellowbook.com,1.56,2.83,1.58,2
252,Barret,Burd,bburd6z@indiegogo.com,1.33,1.32,8.93,2
253,Ugo,Rubinchik,urubinchik70@stumbleupon.com,6.85,4.04,2.27,2
254,Cristy,Heatley,cheatley71@baidu.com,3.71,3.02,4.52,1
255,Phillipp,Claydon,pclaydon72@webnode.com,1.08,9.28,1.28,2
256,Rollins,Manueli,rmanueli73@ezinearticles.com,9.72,1.89,2.76,2
257,Bert,Cleghorn,bcleghorn74@desdev.cn,6.45,9.74,7.97,1
258,Gaston,Windibank,gwindibank75@hp.com,5.11,6.22,2.73,2
259,Tannie,Sleit,tsleit76@slashdot.org,2.73,7.68,7.12,2
260,Isidor,McGennis,imcgennis77@edublogs.org,5.63,2.62,1.32,2
261,Carleton,Stebbings,cstebbings78@loc.gov,3.77,5.81,1.78,2
262,Katheryn,Smithson,ksmithson79@163.com,7.77,5.48,1.27,1
263,Andromache,Clashe,aclashe7a@unicef.org,3.65,2.65,4.79,1
264,Sampson,Prewer,sprewer7b@paginegialle.it,9.84,7.79,6.21,2
265,Englebert,Shenton,eshenton7c@yahoo.co.jp,8.36,2.81,,7
266,Sabrina,Iaduccelli,siaduccelli7d@berkeley.edu,2.70,8.53,8.82,7
267,Mufinella,Darrington,mdarrington7e@symantec.com,8.41,3.24,9.69,1
268,Gillan,Gitthouse,ggitthouse7f@fc2.com,2.96,5.66,1.78,1
269,Magnum,Arnall,marnall7g@quantcast.com,8.46,1.28,9.99,2
270,Fredek,MacCoughan,fmaccoughan7h@un.org,2.11,4.32,9.18,2
271,Husain,O' Hogan,hohogan7i@php.net,1.73,2.99,7.22,2
272,Harlin,Danbye,hdanbye7j@dailymotion.com,2.66,3.87,6.99,2
273,Gay,Cassels,gcassels7k@wikia.com,9.01,3.00,2.44,1
274,Brenda,Pinock,bpinock7l@lycos.com,5.81,8.82,8.40,1
275,Martainn,Twydell,mtwydell7m@cafepress.com,6.13,9.78,5.92,2
276,Wallis,Suero,wsuero7n@tiny.cc,8.98,7.36,7.04,1
277,Hatty,Noke,hnoke7o@msn.com,5.86,6.23,3.76,1
278,Anthia,Castanho,acastanho7p@shinystat.com,2.83,9.02,8.71,1
279,Kamillah,Arr,karr7q@ocn.ne.jp,4.79,9.69,2.73,1
280,Rhoda,Lethley,rlethley7r@prweb.com,3.24,9.67,1.69,1
281,Bobinette,Fonteyne,bfonteyne7s@tumblr.com,4.25,4.12,6.29,1
282,Konstantin,Tomalin,ktomalin7t@xrea.com,2.60,3.49,6.07,2
283,Nanon,Nealon,nnealon7u@ca.gov,3.42,3.23,6.53,1
284,Loretta,Dufore,ldufore7v@whitehouse.gov,4.55,8.88,2.95,1
285,Caryl,Heigl,cheigl7w@bigcartel.com,3.19,2.00,7.07,8
286,Cazzie,Ghilks,cghilks7x@tmall.com,7.85,5.21,4.36,2
287,Alina,Hoodless,ahoodless7y@ucla.edu,5.90,7.23,,1
288,Titus,Blowers,tblowers7z@de.vu,4.17,2.03,,2
289,Faith,Micheau,fmicheau80@desdev.cn,7.71,8.81,8.87,3
290,Lorry,Byatt,lbyatt81@instagram.com,3.89,5.57,5.56,1
291,Hendrick,Lamas,hlamas82@usa.gov,2.59,2.06,,2
292,Karlen,Wheatcroft,kwheatcroft83@drupal.org,7.34,9.36,7.85,1
293,Emlynne,Busen,ebusen84@whitehouse.gov,7.50,9.84,5.23,1
294,Salli,Cookney,scookney85@opensource.org,7.00,5.23,9.14,1
295,Katerina,Dudderidge,kdudderidge86@discuz.net,1.65,3.61,4.76,1
296,Tedra,Adrian,tadrian87@xing.com,3.16,4.22,3.66,1
297,Janette,Cran,jcran88@devhub.com,3.21,4.10,9.89,1
298,Elva,Simmig,esimmig89@nifty.com,1.27,8.24,2.85,1
299,Tiffy,Batcock,tbatcock8a@mlb.com,6.19,8.19,1.05,1
300,Nalani,Goublier,ngoublier8b@phpbb.com,1.50,7.92,,1
301,Ansell,Conkling,aconkling8c@apple.com,6.88,2.57,4.51,2
302,Astra,Melledy,amelledy8d@moonfruit.com,9.62,3.67,6.51,1
303,Rozalin,Thornber,rthornber8e@japanpost.jp,6.25,8.74,7.53,4
304,Ema,Creebo,ecreebo8f@google.com.br,7.69,7.58,,1
305,Karim,de Aguirre,kdeaguirre8g@example.com,6.82,2.90,9.53,2
306,Teena,McShirie,tmcshirie8h@pen.io,9.24,9.11,,1
307,Jillana,Bonsale,jbonsale8i@slideshare.net,9.98,4.02,2.68,1
308,Lilli,Lembke,llembke8j@va.gov,2.39,5.52,5.22,1
309,Coralie,Boatright,cboatright8k@odnoklassniki.ru,9.87,3.78,5.69,1
310,Jeniffer,Franzini,jfranzini8l@yelp.com,5.92,7.74,3.54,1
311,Barnabe,Kytter,bkytter8m@webnode.com,8.80,9.44,6.00,2
312,Lorene,Eglington,leglington8n@xinhuanet.com,1.57,2.87,5.36,1
313,Roman,Tenby,rtenby8o@smh.com.au,4.91,6.97,8.47,2
314,Ekaterina,Culpin,eculpin8p@zdnet.com,9.83,4.28,,1
315,Babette,Spurge,bspurge8q@typepad.com,9.87,8.59,8.54,1
316,Antonius,Comolli,acomolli8r@de.vu,9.36,4.55,4.75,2
317,Davis,Kos,dkos8s@tiny.cc,2.17,2.23,5.38,2
318,Skipp,Latliff,slatliff8t@va.gov,1.03,1.10,,2
319,Ab,Underwood,aunderwood8u@ask.com,8.57,9.28,,2
320,Brandice,Fenna,bfenna8v@squidoo.com,9.81,9.07,2.35,1
321,Giorgio,Hansemann,ghansemann8w@weibo.com,3.07,3.25,1.58,2
322,Hamid,Delieu,hdelieu8x@dmoz.org,5.23,9.82,7.89,2
323,Bobby,Seear,bseear8y@buzzfeed.com,2.44,6.31,1.07,2
324,Frances,Lathwood,flathwood8z@themeforest.net,8.34,7.50,,1
325,Brianne,Helsby,bhelsby90@google.com,7.81,2.45,5.78,1
326,Arlyne,Brailey,abrailey91@dropbox.com,6.72,1.78,7.67,1
327,Sibley,Corre,scorre92@flavors.me,5.11,7.91,5.32,1
328,Wolf,Fillary,wfillary93@aboutads.info,3.26,9.66,4.27,6
329,Demott,MacGuffie,dmacguffie94@columbia.edu,9.82,4.09,4.79,3
330,Chalmers,Rigmond,crigmond95@cmu.edu,3.64,5.18,3.80,2
331,Asher,Adolfsen,aadolfsen96@wisc.edu,3.99,9.01,5.33,2
332,Lammond,Willmett,lwillmett97@tripod.com,9.44,5.42,,2
333,Em,Drowsfield,edrowsfield98@theatlantic.com,1.32,6.87,3.66,1
334,Huey,Cowling,hcowling99@tumblr.com,6.28,5.47,4.01,2
335,Colleen,Rodenburg,crodenburg9a@disqus.com,9.32,3.88,5.53,1
336,Erastus,Cohalan,ecohalan9b@exblog.jp,6.70,3.21,6.93,2
337,Ilario,Treswell,itreswell9c@mapy.cz,7.47,2.74,,2
338,Gaye,Hazard,ghazard9d@jimdo.com,7.82,3.65,2.20,1
339,Dallon,Clubley,dclubley9e@phoca.cz,3.53,6.09,,2
340,Burt,Izzatt,bizzatt9f@wired.com,1.88,5.04,8.19,2
341,Emmeline,Fulcher,efulcher9g@wikipedia.org,4.72,3.95,3.97,1
342,Melita,Skittrall,mskittrall9h@economist.com,3.53,2.56,2.48,1
343,Rebekkah,Cornell,rcornell9i@bing.com,5.80,2.72,2.77,1
344,Rafi,Krochmann,rkrochmann9j@ebay.co.uk,3.04,3.74,8.06,5
345,Zenia,Pollastro,zpollastro9k@weebly.com,3.83,1.94,3.86,8
346,Boone,Heistermann,bheistermann9l@berkeley.edu,3.12,3.69,4.58,2
347,Charissa,Lodemann,clodemann9m@washington.edu,3.57,6.87,8.06,1
348,Wynnie,Follit,wfollit9n@cafepress.com,6.73,1.68,7.82,1
349,Breena,Pellissier,bpellissier9o@whitehouse.gov,4.52,3.80,1.17,1
350,Gray,Pryde,gpryde9p@is.gd,8.35,6.51,9.19,1
351,Aila,Picknett,apicknett9q@businesswire.com,4.81,3.00,8.08,1
352,Raffaello,Maginot,rmaginot9r@wordpress.com,7.62,7.16,8.57,2
353,Riva,Tinman,rtinman9s@ycombinator.com,2.04,2.61,,1
354,Joana,Hogbourne,jhogbourne9t@123-reg.co.uk,8.39,7.10,,1
355,Shoshana,McDade,smcdade9u@netscape.com,4.04,1.86,4.38,1
356,Cristy,Dewhurst,cdewhurst9v@tripadvisor.com,6.59,3.67,,1
357,Patric,Liepmann,pliepmann9w@smh.com.au,5.77,4.13,1.77,2
358,Tarrah,Smalles,tsmalles9x@360.cn,3.37,8.14,6.83,1
359,Angelita,Arbor,aarbor9y@paginegialle.it,8.70,2.06,8.34,1
360,Emeline,Eardley,eeardley9z@alibaba.com,1.41,7.71,4.46,1
361,Kiele,Sainsbury,ksainsburya0@nih.gov,2.35,5.87,4.42,1
362,Prudy,Antrack,pantracka1@usgs.gov,5.04,7.97,8.45,1
363,Neille,Truelock,ntruelocka2@bluehost.com,3.65,9.62,3.83,1
364,Gualterio,Tippell,gtippella3@state.tx.us,3.97,7.55,7.65,2
365,Riccardo,Diben,rdibena4@sohu.com,9.19,1.86,9.02,2
366,Zola,Trattles,ztrattlesa5@addtoany.com,4.38,9.84,5.77,1
367,Dorita,Anyon,danyona6@nytimes.com,1.57,1.23,,1
368,Franklyn,Sykora,fsykoraa7@sciencedaily.com,5.77,9.57,5.73,2
369,Susannah,Comsty,scomstya8@businessinsider.com,9.55,4.39,2.24,1
370,Spense,Tomes,stomesa9@posterous.com,8.41,6.97,7.27,2
371,Beret,Blazi,bblaziaa@oakley.com,6.46,8.82,,7
372,Devora,Robert,drobertab@eventbrite.com,2.67,2.70,,1
373,Almire,Clementet,aclementetac@pen.io,3.35,5.33,1.49,1
374,Leigh,Ingliss,linglissad@bluehost.com,9.12,7.00,9.08,2
375,Elton,Ewert,eewertae@usda.gov,2.42,6.86,8.53,2
376,Kearney,Crace,kcraceaf@deliciousdays.com,9.75,6.32,5.52,2
377,Fonz,Wolfarth,fwolfarthag@patch.com,1.14,7.56,,2
378,Tiffani,Ludman,tludmanah@businessweek.com,2.39,8.05,,1
379,Kipper,Muselli,kmuselliai@baidu.com,2.62,2.56,1.54,2
380,Giusto,Hardistry,ghardistryaj@sitemeter.com,1.04,2.74,2.08,2
381,Nero,Blackwood,nblackwoodak@instagram.com,6.79,3.83,5.36,2
382,Any,Caldero,acalderoal@oracle.com,9.29,2.57,6.29,2
383,Elaina,Fleming,eflemingam@wikia.com,8.40,5.39,7.01,1
384,Isa,Shotter,ishotteran@microsoft.com,8.33,1.66,6.76,3
385,Beilul,Knapp,bknappao@accuweather.com,4.30,8.56,7.86,1
386,Budd,Branca,bbrancaap@hp.com,1.12,7.49,8.27,2
387,Cristie,Cosley,ccosleyaq@census.gov,2.85,3.97,8.98,1
388,Antonie,Birtwhistle,abirtwhistlear@hhs.gov,8.80,2.68,2.03,1
389,Cassondra,Bryan,cbryanas@google.co.jp,5.52,1.38,4.22,1
390,Crissy,Brookzie,cbrookzieat@yelp.com,1.79,7.53,,1
391,Bogart,Varndell,bvarndellau@csmonitor.com,5.21,3.31,2.49,2
392,Minnie,Shelper,mshelperav@zdnet.com,5.93,7.48,,1
393,Vidovik,Simkovich,vsimkovichaw@gmpg.org,1.09,4.43,2.47,2
394,Falito,Tappin,ftappinax@forbes.com,5.19,3.85,1.56,2
395,Koressa,Frediani,kfredianiay@yellowpages.com,3.57,5.48,3.74,1
396,Lucian,Danilevich,ldanilevichaz@1und1.de,8.39,9.72,6.16,2
397,Christy,Troke,ctrokeb0@uol.com.br,2.50,4.88,6.83,1
398,Diann,Graith,dgraithb1@bizjournals.com,7.25,7.57,4.71,1
399,Erwin,Gwyer,egwyerb2@mozilla.org,6.34,2.10,5.27,2
400,Conrad,Irving,cirvingb3@pen.io,9.55,1.09,,2
401,Charita,Danihelka,cdanihelkab4@a8.net,8.85,2.11,3.63,1
402,Kippy,Lambird,klambirdb5@springer.com,4.70,9.90,8.17,1
403,Ray,Dorrity,rdorrityb6@salon.com,5.39,6.42,,3
404,Moe,Robathon,mrobathonb7@umn.edu,4.67,4.37,5.61,2
405,Hastings,Olohan,holohanb8@mozilla.com,7.75,1.75,,2
406,Saunderson,Padell,spadellb9@globo.com,4.57,7.46,8.25,2
407,Gonzales,Tomasello,gtomaselloba@51.la,7.09,4.70,4.70,2
408,Berny,Gallatly,bgallatlybb@china.com.cn,9.46,8.72,,2
409,Maye,Dafter,mdafterbc@who.int,8.41,8.75,,1
410,Chiquia,Todhunter,ctodhunterbd@reverbnation.com,3.95,9.01,9.66,1
411,Ainslee,Doherty,adohertybe@msu.edu,4.85,2.36,7.56,7
412,Husein,Durtnall,hdurtnallbf@zimbio.com,7.47,8.40,9.27,2
413,Stanfield,Espinoza,sespinozabg@npr.org,7.86,5.57,3.87,8
414,Eldredge,Pateman,epatemanbh@acquirethisname.com,9.68,5.02,,2
415,Mandi,Moles,mmolesbi@de.vu,3.03,8.16,,1
416,Giselle,Emby,gembybj@abc.net.au,8.60,8.15,2.58,1
417,Nicolais,Clardge,nclardgebk@uiuc.edu,3.68,5.95,5.74,2
418,Wheeler,Glide,wglidebl@mail.ru,8.59,1.97,3.44,2
419,Lorelei,Brotherhed,lbrotherhedbm@ebay.com,3.66,9.75,9.63,1
420,Randa,Caffrey,rcaffreybn@infoseek.co.jp,5.57,8.56,6.07,1
421,Kit,Oolahan,koolahanbo@photobucket.com,7.96,4.03,7.59,2
422,Willi,Sanson,wsansonbp@cnet.com,8.87,2.90,,2
423,Reynold,Yakutin,ryakutinbq@auda.org.au,2.10,1.52,6.17,3
424,Eudora,Shakspeare,eshakspearebr@sogou.com,3.66,9.73,6.16,1
425,Ilka,Klossek,iklossekbs@google.com,3.27,2.34,,6
426,Auberon,Tremain,atremainbt@dot.gov,9.69,4.65,7.70,6
427,Cinnamon,Rhelton,crheltonbu@acquirethisname.com,3.05,3.59,6.66,1
428,Derick,Dalliston,ddallistonbv@lulu.com,7.67,4.07,,2
429,Sonny,Vido,svidobw@salon.com,6.35,4.00,1.83,1
430,Danella,Gribbon,dgribbonbx@youku.com,1.28,8.64,,1
431,Lester,Domenicone,ldomeniconeby@ibm.com,9.64,1.15,5.89,2
432,Bondon,O'Spillane,bospillanebz@hubpages.com,2.39,2.53,6.79,2
433,Zonda,Pach,zpachc0@spotify.com,8.84,4.35,6.68,1
434,Valeda,Mc Gaughey,vmcgaugheyc1@businessweek.com,2.71,4.69,1.13,1
435,Penn,Crain,pcrainc2@google.ru,8.36,3.39,,7
436,Robby,Harry,rharryc3@netscape.com,3.84,6.56,4.29,2
437,Roseanne,Heinecke,rheineckec4@si.edu,2.62,7.20,,6
438,Grete,Dumphy,gdumphyc5@shop-pro.jp,9.93,2.50,,1
439,Cris,Shwenn,cshwennc6@kickstarter.com,9.63,4.68,8.63,2
440,Raul,Speenden,rspeendenc7@over-blog.com,8.30,1.33,4.64,2
441,Marley,Knottley,mknottleyc8@disqus.com,6.36,3.97,3.51,1
442,Marge,Dun,mdunc9@friendfeed.com,3.36,5.99,6.78,1
443,Madeleine,Farnworth,mfarnworthca@hc360.com,9.96,9.32,1.76,1
444,Cacilie,Dabbs,cdabbscb@blogtalkradio.com,9.76,4.43,9.30,1
445,Siouxie,Bachura,sbachuracc@statcounter.com,8.94,5.85,3.21,6
446,Lenette,Arlow,larlowcd@disqus.com,2.69,8.67,8.67,1
447,Agnella,McIlrath,amcilrathce@simplemachines.org,1.50,3.87,8.25,1
448,Belicia,Shorthouse,bshorthousecf@edublogs.org,3.68,4.28,1.25,1
449,Eleanor,Naerup,enaerupcg@reference.com,3.00,9.87,9.85,1
450,Alejandro,Blasoni,ablasonich@unblog.fr,4.29,1.61,8.50,2
451,Rhianna,Yude,ryudeci@livejournal.com,1.10,2.37,,1
452,Jemmy,Currom,jcurromcj@npr.org,1.18,9.55,1.82,1
453,Stephen,Peter,speterck@opera.com,1.76,9.94,1.29,2
454,Mame,Gosson,mgossoncl@netlog.com,3.65,3.27,4.02,1
455,Lorianne,Gerrell,lgerrellcm@reddit.com,4.91,4.41,1.81,8
456,Doroteya,Knightley,dknightleycn@sitemeter.com,8.27,7.52,,1
457,Tiffani,Bullan,tbullanco@dagondesign.com,8.48,4.32,2.70,1
458,Jess,Danielsky,jdanielskycp@cmu.edu,2.30,6.68,,3
459,Hurley,Featenby,hfeatenbycq@github.com,5.46,5.58,3.62,2
460,Norry,Brenard,nbrenardcr@acquirethisname.com,4.30,7.01,3.62,1
461,Yolande,Cockhill,ycockhillcs@taobao.com,3.29,6.89,6.29,1
462,Alick,MacClinton,amacclintonct@weibo.com,6.38,2.96,,2
463,Lauren,Sabbins,lsabbinscu@cisco.com,3.11,7.86,,2
464,Fiorenze,Fourman,ffourmancv@marriott.com,3.30,8.04,5.46,1
465,Faydra,Dakers,fdakerscw@princeton.edu,1.50,4.40,6.29,8
466,Cristy,Havercroft,chavercroftcx@eventbrite.com,5.56,3.02,9.58,1
467,Faye,Dundon,fdundoncy@cbslocal.com,9.25,2.19,3.24,1
468,Erwin,Moses,emosescz@dailymotion.com,5.97,6.87,,2
469,Keelia,Menego,kmenegod0@dion.ne.jp,5.55,8.13,8.37,1
470,Aurelie,Bendare,abendared1@phoca.cz,6.16,2.83,,1
471,Carlos,Dougary,cdougaryd2@digg.com,6.26,9.05,7.45,2
472,Blisse,Whyatt,bwhyattd3@gnu.org,5.56,5.21,4.73,1
473,Vanna,Duckels,vduckelsd4@china.com.cn,3.01,6.55,2.72,1
474,Sianna,Durnford,sdurnfordd5@macromedia.com,8.23,2.94,8.12,1
475,Corby,Thiolier,cthiolierd6@berkeley.edu,7.89,2.10,1.07,2
476,Pier,Brand,pbrandd7@bandcamp.com,5.09,3.82,,1
477,Feodora,Rumble,frumbled8@dailymail.co.uk,3.85,3.21,6.38,1
478,Karylin,Vynoll,kvynolld9@skyrock.com,4.43,6.78,6.50,1
479,Jodie,Servante,jservanteda@mtv.com,6.37,6.01,,2
480,Gerianna,Morphey,gmorpheydb@domainmarket.com,9.41,4.01,3.81,1
481,Francine,Crocken,fcrockendc@icq.com,4.93,5.94,7.60,1
482,Alix,Warriner,awarrinerdd@discuz.net,8.29,3.56,1.36,1
483,Ede,Ryves,eryvesde@gizmodo.com,5.01,2.56,9.51,1
484,Cyndia,Huggett,chuggettdf@goo.gl,7.34,3.94,1.02,1
485,Simona,Castell,scastelldg@booking.com,5.45,7.33,5.58,1
486,Cicely,Calam,ccalamdh@mtv.com,1.98,6.27,1.36,1
487,Ronny,Shuard,rshuarddi@ibm.com,3.96,8.53,7.50,1
488,Jeth,Parks,jparksdj@deviantart.com,7.24,9.99,3.09,2
489,Paten,Edens,pedensdk@vinaora.com,7.92,4.84,6.13,2
490,Aubrey,Lemerle,alemerledl@amazon.co.jp,5.92,8.24,6.84,1
491,Curtice,Desouza,cdesouzadm@ucsd.edu,7.64,7.45,,2
492,Isidor,Shopcott,ishopcottdn@kickstarter.com,8.41,8.08,,2
493,Shandeigh,Jerrim,sjerrimdo@yahoo.com,7.43,1.14,,1
494,Irene,Yong,iyongdp@amazon.com,9.54,4.19,9.74,1
495,Cate,Chalfont,cchalfontdq@twitpic.com,2.90,8.15,,1
496,Andrey,Glassup,aglassupdr@apple.com,7.12,3.39,3.19,2
497,Rowney,Pring,rpringds@samsung.com,7.81,4.85,7.35,2
498,Corty,Lishman,clishmandt@si.edu,4.43,1.84,,2
499,Millie,Catterson,mcattersondu@live.com,7.77,9.68,4.41,1
500,Brion,Gilardoni,bgilardonidv@harvard.edu,5.05,4.65,4.52,2
501,Lark,Fellgett,lfellgettdw@mac.com,4.55,2.82,4.55,4
502,Seamus,Girardeau,sgirardeaudx@a8.net,2.29,9.34,9.14,2
503,Abdel,Bools,aboolsdy@blogger.com,4.51,3.28,3.83,5
504,Melonie,Jezzard,mjezzarddz@slideshare.net,6.56,9.59,8.60,1
505,Hewitt,Creamer,hcreamere0@etsy.com,2.52,2.63,6.78,2
506,Carlotta,Stickells,cstickellse1@tamu.edu,6.40,2.61,7.89,1
507,Pavia,Spurgin,pspurgine2@constantcontact.com,6.57,1.35,,1
508,Dennison,Peracco,dperaccoe3@slashdot.org,5.31,6.68,8.47,2
509,Emmet,Larkworthy,elarkworthye4@histats.com,4.87,1.31,3.65,2
510,Darla,Canellas,dcanellase5@state.tx.us,9.98,8.38,,1
511,Annice,Douce,adoucee6@diigo.com,5.61,1.56,,1
512,Sherwynd,Sharples,ssharplese7@disqus.com,5.93,6.68,3.26,2
513,Delly,Drewitt,ddrewitte8@com.com,8.64,4.75,5.60,7
514,Eldin,Denisyev,edenisyeve9@go.com,3.96,2.98,7.94,2
515,Belita,Gimblett,bgimblettea@nifty.com,7.28,4.38,,1
516,Jessalyn,O'Grogane,jogroganeeb@newsvine.com,7.13,6.41,4.14,1
517,Lotti,Iggulden,ligguldenec@purevolume.com,6.69,6.69,9.76,5
518,Allyce,Guiton,aguitoned@japanpost.jp,7.92,7.08,5.29,1
519,Sibylle,Petracchi,spetracchiee@imageshack.us,9.08,2.86,2.33,1
520,Crissy,Harber,charberef@woothemes.com,8.02,4.82,7.40,1
521,Raychel,Capstaff,rcapstaffeg@wisc.edu,7.95,1.04,8.62,1
522,Shawnee,Simeoli,ssimeolieh@cmu.edu,2.89,3.72,8.93,1
523,Ruttger,Walshe,rwalsheei@nps.gov,9.64,8.44,3.87,2
524,Skip,Chrispin,schrispinej@ask.com,4.12,9.40,5.91,2
525,Colline,Vidloc,cvidlocek@ovh.net,1.08,4.61,1.12,1
526,Zebulon,Hasser,zhasserel@so-net.ne.jp,2.59,9.66,4.80,2
527,Nathalie,Hazel,nhazelem@artisteer.com,9.24,5.49,2.18,1
528,Sara-ann,Young,syoungen@bloomberg.com,1.05,8.87,7.08,1
529,Valeria,McPartlin,vmcpartlineo@uol.com.br,9.74,5.66,2.71,1
530,Dalis,Orpwood,dorpwoodep@google.nl,8.53,6.54,5.55,2
531,Araldo,Minelli,aminellieq@cnbc.com,3.86,9.03,9.17,2
532,Ganny,Hoodless,ghoodlesser@examiner.com,2.65,9.22,3.70,2
533,Dewey,Bordes,dbordeses@blogs.com,1.27,9.60,5.89,2
534,Dory,Brandes,dbrandeset@virginia.edu,6.54,5.78,7.03,2
535,Dona,Andre,dandreeu@va.gov,3.62,4.18,5.07,1
536,Jessie,Trott,jtrottev@globo.com,7.11,1.60,2.33,6
537,Willie,Biggans,wbiggansew@hatena.ne.jp,1.93,9.88,6.67,2
538,Zelda,Behrens,zbehrensex@salon.com,1.23,1.97,3.81,1
539,Reade,Ellerey,rellereyey@nhs.uk,1.02,9.19,2.56,2
540,Flossi,Warn,fwarnez@harvard.edu,5.02,4.76,2.36,1
541,Antoine,Baudy,abaudyf0@nature.com,6.91,8.90,1.82,2
542,Zebulon,Kochel,zkochelf1@wikia.com,1.18,8.51,,2
543,Bryon,Verecker,bvereckerf2@google.fr,7.85,3.01,1.31,4
544,Tam,Reese,treesef3@unblog.fr,3.83,3.55,1.05,2
545,Katleen,Poundesford,kpoundesfordf4@alexa.com,8.09,6.29,,1
546,Derwin,Tellett,dtellettf5@alexa.com,6.93,3.01,7.22,2
547,Burk,Sarra,bsarraf6@cmu.edu,6.81,3.89,4.59,2
548,Ardeen,Zealander,azealanderf7@mayoclinic.com,3.60,5.26,7.43,1
549,Tyson,Rodinger,trodingerf8@ezinearticles.com,9.21,6.60,1.07,2
550,Tiff,Roux,trouxf9@ft.com,1.26,2.37,4.45,4
551,Tallie,Case,tcasefa@uiuc.edu,2.05,9.16,3.81,2
552,Brady,Caven,bcavenfb@de.vu,2.30,3.33,2.67,2
553,Lorelle,Carayol,lcarayolfc@jimdo.com,1.12,4.96,3.51,1
554,Candide,Murcutt,cmurcuttfd@youku.com,8.39,5.16,3.37,1
555,Cello,Keslake,ckeslakefe@blogspot.com,1.12,8.92,2.35,3
556,Felita,Ahren,fahrenff@mlb.com,6.02,8.02,5.81,1
557,Elfreda,Mustin,emustinfg@163.com,2.77,9.20,4.23,1
558,Orbadiah,Rieme,oriemefh@salon.com,2.06,2.74,9.40,6
559,Berkly,Bavage,bbavagefi@dailymail.co.uk,5.35,6.72,1.52,2
560,Roanna,Cough,rcoughfj@com.com,7.78,6.23,2.16,1
561,Kathe,Abrahams,kabrahamsfk@omniture.com,9.18,6.72,7.93,1
562,Irita,Nerne,inernefl@miibeian.gov.cn,3.01,8.16,2.42,1
563,Gwennie,Messiter,gmessiterfm@mashable.com,6.82,7.00,,3
564,Lorine,Coverdale,lcoverdalefn@webeden.co.uk,3.54,6.06,6.82,1
565,Chaim,Marrill,cmarrillfo@cafepress.com,4.16,7.82,,2
566,Jojo,Zanneli,jzannelifp@dailymotion.com,2.72,3.19,2.77,1
567,Pierson,Frowing,pfrowingfq@wordpress.com,5.00,3.99,7.07,2
568,Arlen,Blaise,ablaisefr@netscape.com,4.58,2.51,9.81,2
569,Jereme,Shevels,jshevelsfs@cpanel.net,1.93,4.22,8.10,2
570,Eddi,Thorald,ethoraldft@taobao.com,5.47,5.97,7.11,4
571,Yasmin,Hunsworth,yhunsworthfu@utexas.edu,3.54,2.29,6.61,1
572,Loraine,Itzkovwitch,litzkovwitchfv@dion.ne.jp,9.04,3.43,2.25,1
573,Ashla,Faulder,afaulderfw@hatena.ne.jp,5.23,4.60,6.15,1
574,Kenn,Jakobsson,kjakobssonfx@alibaba.com,1.04,5.21,2.27,2
575,Kathryn,Asker,kaskerfy@pagesperso-orange.fr,6.51,5.47,2.25,1
576,Leonelle,Kimber,lkimberfz@microsoft.com,1.88,2.55,2.00,1
577,Binky,Littrell,blittrellg0@oracle.com,3.30,5.62,6.34,2
578,Gilburt,Peaker,gpeakerg1@liveinternet.ru,1.59,7.57,2.35,2
579,Kerri,Fidilis,kfidilisg2@geocities.com,8.27,8.78,8.39,3
580,Alwyn,Gabbott,agabbottg3@usgs.gov,5.11,1.76,4.36,2
581,Sharity,Sharvill,ssharvillg4@purevolume.com,8.81,8.35,8.09,1
582,Johanna,Purseglove,jpursegloveg5@huffingtonpost.com,2.57,9.14,7.02,1
583,Dorri,Nairn,dnairng6@adobe.com,8.81,4.53,,1
584,Blake,Uren,bureng7@slate.com,3.03,3.67,6.42,6
585,Myrtle,De Francesco,mdefrancescog8@yolasite.com,9.23,6.25,3.00,1
586,Eduardo,Naris,enarisg9@mlb.com,1.88,6.86,6.99,2
587,Willey,Duchesne,wduchesnega@twitter.com,5.91,7.87,,2
588,Sigismondo,Eliaz,seliazgb@furl.net,2.71,6.18,3.93,2
589,Isa,Seeley,iseeleygc@live.com,6.92,9.25,4.03,2
590,Jada,Mccaull,jmccaullgd@washingtonpost.com,9.85,3.81,,1
591,Willi,Janicek,wjanicekge@is.gd,9.06,4.20,6.79,2
592,Zaneta,Guiduzzi,zguiduzzigf@rambler.ru,8.05,5.86,2.59,3
593,Gaylord,Solomonides,gsolomonidesgg@eepurl.com,1.22,5.37,6.27,2
594,Dud,Jocelyn,djocelyngh@nasa.gov,5.50,4.68,5.36,3
595,Samuel,Rouzet,srouzetgi@goo.ne.jp,6.17,3.20,1.52,2
596,Hieronymus,Ife,hifegj@taobao.com,9.65,2.37,9.26,2
597,Davie,Vertey,dverteygk@pbs.org,3.18,4.48,3.72,2
598,Susette,Mulheron,smulherongl@soundcloud.com,5.50,4.52,9.69,1
599,Kendre,Ceaplen,kceaplengm@arstechnica.com,8.03,6.84,9.05,1
600,Nathalia,Mainland,nmainlandgn@netvibes.com,2.88,1.87,4.47,1
601,Stesha,St. Leger,sstlegergo@home.pl,2.69,4.65,4.16,1
602,Aloin,Cowton,acowtongp@histats.com,1.16,9.58,2.51,2
603,Durante,Courson,dcoursongq@spotify.com,6.05,4.89,6.82,2
604,Nicolea,Drabble,ndrabblegr@reverbnation.com,6.62,4.15,8.31,1
605,Kara-lynn,Duckerin,kduckerings@edublogs.org,7.09,4.40,7.46,4
606,Annabell,Garrow,agarrowgt@chron.com,4.02,1.69,9.81,1
607,Colver,Have,chavegu@a8.net,9.15,7.10,,2
608,Karlik,Mourge,kmourgegv@reuters.com,4.94,6.69,5.40,2
609,Tasha,Renac,trenacgw@wikipedia.org,7.16,2.64,9.38,1
610,West,O'Crigan,wocrigangx@baidu.com,1.33,3.46,,2
611,Rene,Rumford,rrumfordgy@craigslist.org,8.00,1.39,7.94,2
612,Sherlock,Rawlyns,srawlynsgz@craigslist.org,2.51,9.89,,2
613,Shane,Fluin,sfluinh0@toplist.cz,8.04,9.79,4.46,2
614,Cassie,M'Chirrie,cmchirrieh1@msn.com,9.39,5.52,7.18,1
615,Alfy,Shall,ashallh2@com.com,3.49,1.06,8.80,2
616,Floyd,Jandac,fjandach3@yahoo.co.jp,7.14,6.93,8.10,2
617,Darell,Tschirschky,dtschirschkyh4@squidoo.com,7.28,7.14,3.68,1
618,Cara,McMeyler,cmcmeylerh5@who.int,9.99,3.75,4.86,1
619,Casey,Aleevy,caleevyh6@amazon.com,5.29,5.77,3.12,2
620,Micki,Rhymes,mrhymesh7@umich.edu,8.41,8.02,9.52,1
621,Lon,Siveyer,lsiveyerh8@buzzfeed.com,6.77,6.47,9.33,2
622,Elva,Blant,eblanth9@odnoklassniki.ru,4.17,2.20,6.18,1
623,Lita,Rivenzon,lrivenzonha@ox.ac.uk,3.34,6.41,6.43,1
624,Hube,Di Giacomo,hdigiacomohb@goo.ne.jp,6.50,9.13,4.93,2
625,Sebastian,Joire,sjoirehc@pen.io,6.42,5.89,5.74,8
626,Lionel,Heselwood,lheselwoodhd@live.com,4.59,4.84,7.48,6
627,Tripp,Getty,tgettyhe@bloomberg.com,3.93,1.66,5.43,2
628,Joli,Yatman,jyatmanhf@cisco.com,9.31,5.57,4.76,1
629,Monroe,Petegre,mpetegrehg@constantcontact.com,7.52,9.97,5.16,2
630,Veda,Persey,vperseyhh@slate.com,5.74,8.33,8.13,1
631,Kelsey,Keunemann,kkeunemannhi@purevolume.com,2.10,8.80,,1
632,Phelia,Dowell,pdowellhj@gmpg.org,2.43,2.41,9.82,1
633,Jackelyn,Goodwin,jgoodwinhk@blinklist.com,3.45,6.99,3.91,1
634,Windy,Speight,wspeighthl@wikispaces.com,9.30,2.93,5.12,1
635,Gael,Ickovitz,gickovitzhm@dyndns.org,1.02,8.84,3.09,2
636,Saraann,Zarfai,szarfaihn@eepurl.com,8.23,9.55,,1
637,Julia,Rushsorth,jrushsorthho@pagesperso-orange.fr,3.72,8.39,2.81,1
638,Kristofer,McArdell,kmcardellhp@ucla.edu,7.71,8.74,7.09,2
639,Sheffie,Loveland,slovelandhq@nydailynews.com,5.61,8.06,9.92,2
640,Steffen,Bewshire,sbewshirehr@amazon.co.jp,6.58,1.04,6.03,2
641,Erin,Polland,epollandhs@japanpost.jp,1.15,9.29,3.95,1
642,Burch,McGriffin,bmcgriffinht@liveinternet.ru,2.28,8.31,6.88,2
643,Egon,Inkster,einksterhu@google.nl,3.20,2.44,,2
644,Malva,Halleybone,mhalleybonehv@sakura.ne.jp,8.05,5.41,9.72,1
645,Dayle,Lyburn,dlyburnhw@netvibes.com,4.18,4.49,7.93,1
646,Chilton,Rollo,crollohx@nbcnews.com,6.14,2.33,5.97,2
647,Dore,De Dantesie,ddedantesiehy@cbc.ca,9.35,7.75,5.04,1
648,Marys,Sherwyn,msherwynhz@histats.com,8.11,4.38,2.98,1
649,Cirstoforo,Fairfull,cfairfulli0@fda.gov,1.56,9.84,5.16,2
650,Kevin,Albutt,kalbutti1@surveymonkey.com,3.36,5.18,,2
651,Concettina,Sorensen,csorenseni2@squidoo.com,4.85,9.58,,1
652,Huntlee,Crighton,hcrightoni3@usa.gov,6.73,5.90,3.30,2
653,Lawry,Dimmne,ldimmnei4@google.com.au,6.46,4.40,3.58,7
654,Mackenzie,Parzizek,mparzizeki5@nymag.com,1.27,8.31,1.51,2
655,Willamina,Dionsetto,wdionsettoi6@ask.com,5.92,6.37,9.11,1
656,Lodovico,Zealey,lzealeyi7@pbs.org,7.56,6.53,,2
657,Forest,Di Francesco,fdifrancescoi8@army.mil,9.84,4.02,5.60,2
658,Deane,Earry,dearryi9@elpais.com,7.64,1.96,3.49,2
659,Ingamar,Coneley,iconeleyia@npr.org,6.65,3.57,5.15,2
660,Obadias,Works,oworksib@dedecms.com,2.06,8.00,9.61,2
661,Kara-lynn,Packham,kpackhamic@forbes.com,5.67,4.26,9.92,1
662,Isadore,Josse,ijosseid@comsenz.com,1.05,8.42,9.42,5
663,Kaleb,Gratten,kgrattenie@latimes.com,1.88,7.11,3.40,2
664,Amby,Oriel,aorielif@slate.com,1.76,8.02,6.92,2
665,Merrick,Alliott,malliottig@google.com.br,6.72,3.78,6.16,2
666,Alaster,Domoney,adomoneyih@smh.com.au,8.72,7.59,9.77,2
667,Theresina,Willingam,twillingamii@mediafire.com,6.16,9.11,4.67,1
668,Evelina,Tarbath,etarbathij@mapy.cz,6.50,3.37,,1
669,Rosina,Arkill,rarkillik@bbb.org,1.95,6.27,4.37,1
670,Annadiana,Cosens,acosensil@indiegogo.com,5.03,6.40,2.90,1
671,Gui,Fairrie,gfairrieim@webmd.com,8.64,6.78,8.14,1
672,Annadiana,Warren,awarrenin@hhs.gov,2.02,9.17,8.65,1
673,Burt,Remon,bremonio@flickr.com,9.48,7.45,8.32,2
674,Gar,McAloren,gmcalorenip@accuweather.com,4.44,8.81,6.03,2
675,Isobel,Guillem,iguillemiq@baidu.com,8.26,1.40,,1
676,Milka,Hardy-Piggin,mhardypigginir@list-manage.com,6.57,1.09,4.95,1
677,Gonzales,Autry,gautryis@imageshack.us,8.42,1.53,8.28,2
678,Jacqueline,Ream,jreamit@lulu.com,6.52,1.98,1.60,1
679,Opaline,De Vile,odevileiu@storify.com,7.97,2.49,,1
680,Mauricio,Soigoux,msoigouxiv@networkadvertising.org,7.62,3.95,8.70,2
681,Ignatius,Chessill,ichessilliw@senate.gov,4.05,5.28,6.17,2
682,Gayle,Matous,gmatousix@vimeo.com,7.08,8.33,,2
683,Ree,Paskin,rpaskiniy@hibu.com,3.60,9.54,2.50,7
684,Brittni,Abramowitch,babramowitchiz@timesonline.co.uk,6.85,5.53,,7
685,Olivia,Bees,obeesj0@posterous.com,6.40,1.77,3.17,1
686,Dehlia,Mack,dmackj1@cloudflare.com,4.30,2.36,,1
687,Rozella,Urling,rurlingj2@xrea.com,8.20,2.00,4.02,1
688,Dilly,Gabbitas,dgabbitasj3@spotify.com,4.73,4.65,4.31,2
689,Giacobo,Prydden,gpryddenj4@tripadvisor.com,2.26,5.93,8.19,2
690,Carr,Kacheler,ckachelerj5@vkontakte.ru,6.92,9.40,3.06,2
691,Jordain,Joly,jjolyj6@creativecommons.org,4.41,4.52,,1
692,Gardener,Rillstone,grillstonej7@marketwatch.com,2.54,1.54,6.75,2
693,Dorothee,Emilien,demilienj8@pbs.org,3.52,1.01,8.90,1
694,Jarrid,Daughton,jdaughtonj9@netvibes.com,7.74,7.56,1.60,2
695,Derwin,Lemm,dlemmja@sogou.com,4.51,8.46,3.07,2
696,Janeta,Cella,jcellajb@nba.com,6.86,9.06,1.15,1
697,Selig,Quarrie,squarriejc@i2i.jp,2.32,6.17,2.00,7
698,Inesita,McNirlan,imcnirlanjd@oaic.gov.au,8.09,4.10,9.24,1
699,Martha,Haddacks,mhaddacksje@dmoz.org,6.55,9.68,3.37,1
700,Clement,Oluwatoyin,coluwatoyinjf@youku.com,6.91,8.25,7.58,2
701,Alexei,Paulsen,apaulsenjg@alibaba.com,9.12,8.01,8.48,2
702,Hedvige,Maven,hmavenjh@netlog.com,4.90,2.85,2.60,1
703,Rhoda,Gerrels,rgerrelsji@nature.com,7.78,3.44,,1
704,Mable,Tenny,mtennyjj@drupal.org,5.85,2.26,1.81,1
705,Johny,Deares,jdearesjk@theglobeandmail.com,4.59,1.65,,2
706,Perry,Axton,paxtonjl@ameblo.jp,2.64,7.55,3.60,2
707,Lizzy,Grunder,lgrunderjm@i2i.jp,7.14,6.23,2.16,1
708,Austin,MacBain,amacbainjn@virginia.edu,5.20,2.63,7.46,2
709,Celestina,Almey,calmeyjo@flavors.me,7.84,7.11,,1
710,Moira,Southerns,msouthernsjp@upenn.edu,9.94,8.11,4.25,1
711,Kirbee,Aitcheson,kaitchesonjq@usgs.gov,1.09,8.28,7.05,1
712,Magnum,Guiu,mguiujr@constantcontact.com,7.80,9.54,6.65,2
713,Kyle,Lower,klowerjs@icio.us,5.98,4.55,5.86,4
714,Jamaal,McGrann,jmcgrannjt@adobe.com,4.73,5.67,1.14,2
715,Claude,Holywell,cholywellju@comcast.net,4.96,7.69,3.71,1
716,Gunner,Greene,ggreenejv@intel.com,1.06,1.08,,2
717,Hinda,Lanfere,hlanferejw@weather.com,9.47,7.27,,1
718,Willy,Iggulden,wigguldenjx@cargocollective.com,1.50,7.57,3.30,1
719,Gaylord,Kiddy,gkiddyjy@webnode.com,9.85,7.77,6.30,2
720,Birdie,McKiernan,bmckiernanjz@com.com,6.23,6.95,,1
721,Elihu,Joret,ejoretk0@forbes.com,4.39,2.60,1.15,2
722,Kelcie,Vallerine,kvallerinek1@umn.edu,3.56,1.09,7.42,1
723,Kylen,Mabbott,kmabbottk2@usda.gov,3.77,2.84,3.38,1
724,Drusie,Gutherson,dguthersonk3@linkedin.com,7.04,8.23,,1
725,Stormi,Audenis,saudenisk4@opensource.org,7.06,3.53,2.07,1
726,Nichole,Quemby,nquembyk5@digg.com,2.57,4.84,8.41,1
727,Cathy,Du Hamel,cduhamelk6@t-online.de,9.94,4.76,,1
728,Liana,Beaman,lbeamank7@google.co.jp,6.00,8.58,6.42,1
729,Brandise,Fann,bfannk8@washingtonpost.com,9.05,3.29,2.31,1
730,Petronia,Sloss,pslossk9@yellowpages.com,7.33,5.80,6.08,1
731,Bobbe,Follacaro,bfollacaroka@ezinearticles.com,5.37,2.85,8.47,1
732,Sonny,Fawlks,sfawlkskb@webs.com,8.78,9.80,1.04,2
733,Therese,Stacy,tstacykc@elpais.com,5.34,8.31,8.72,1
734,Ardelia,Cesconi,acesconikd@seattletimes.com,6.27,1.21,2.47,5
735,Gorden,Dimond,gdimondke@mapquest.com,5.74,6.95,9.04,6
736,Inger,Snugg,isnuggkf@blinklist.com,6.09,7.84,,3
737,Minta,McRinn,mmcrinnkg@parallels.com,1.98,6.88,3.20,1
738,Quintana,Jirieck,qjirieckkh@rambler.ru,2.32,2.62,6.67,1
739,Brunhilde,Peyntue,bpeyntueki@amazon.co.jp,6.33,5.18,1.41,6
740,Ambrosius,Cristoferi,acristoferikj@mapy.cz,7.93,7.41,,2
741,Petunia,Yakunin,pyakuninkk@oaic.gov.au,1.12,1.29,2.98,1
742,Basilio,Agutter,bagutterkl@dmoz.org,6.78,5.41,1.10,2
743,Dicky,Hasslocher,dhasslocherkm@sciencedaily.com,6.36,2.35,1.44,2
744,Reggi,Strickland,rstricklandkn@blinklist.com,2.96,8.61,9.00,1
745,Jennica,Haydock,jhaydockko@joomla.org,4.86,4.64,6.60,1
746,Rhonda,Bowring,rbowringkp@spotify.com,8.59,3.07,9.12,1
747,Karel,Crutcher,kcrutcherkq@admin.ch,1.68,8.04,6.64,1
748,Sergent,Reynish,sreynishkr@cargocollective.com,1.97,7.82,5.55,2
749,Fanya,Killigrew,fkilligrewks@blinklist.com,4.49,1.67,5.02,1
750,Angelle,Gillon,agillonkt@kickstarter.com,5.40,5.11,5.84,1
751,Bevon,Mc Gee,bmcgeeku@bloglines.com,3.06,2.53,3.11,2
752,Chicky,Bannister,cbannisterkv@infoseek.co.jp,8.23,5.06,2.41,1
753,Leonie,Dallender,ldallenderkw@slashdot.org,6.58,6.95,,1
754,Lonnie,Kelloway,lkellowaykx@bandcamp.com,2.20,4.29,,2
755,Michelle,De Andreis,mdeandreisky@netscape.com,9.38,6.24,6.57,1
756,Willie,Healing,whealingkz@gnu.org,5.59,1.83,5.37,1
757,Aaren,Fery,aferyl0@dyndns.org,3.85,9.17,3.39,1
758,Jaquelyn,Amori,jamoril1@bloglovin.com,7.33,6.25,9.81,1
759,Yvon,Moorton,ymoortonl2@blog.com,8.86,9.45,7.15,2
760,Chrotoem,Gyrgorcewicx,cgyrgorcewicxl3@amazon.com,8.95,2.50,9.88,2
761,Elbertine,Burgwin,eburgwinl4@eepurl.com,3.50,3.12,,1
762,Guilbert,Ship,gshipl5@mysql.com,4.41,9.57,,2
763,Tamara,Myles,tmylesl6@prlog.org,3.61,6.93,,1
764,Elbertina,Physic,ephysicl7@reference.com,7.81,6.93,9.82,1
765,Sashenka,Gerrey,sgerreyl8@sciencedirect.com,7.82,4.01,,1
766,Kassie,Commusso,kcommussol9@eventbrite.com,5.01,3.47,6.81,1
767,Corabelle,Craigg,ccraiggla@squarespace.com,2.72,5.50,8.23,1
768,Susi,McGinly,smcginlylb@soundcloud.com,8.51,1.48,,1
769,Louis,Trafford,ltraffordlc@wsj.com,3.33,3.55,7.56,2
770,Lona,Torrie,ltorrield@dell.com,2.57,8.70,7.46,1
771,Eldon,Whyffen,ewhyffenle@delicious.com,6.73,4.34,3.68,2
772,Ramsey,Branton,rbrantonlf@mtv.com,7.89,1.04,3.15,2
773,Haleigh,Frigot,hfrigotlg@intel.com,9.70,5.52,5.65,1
774,Rubia,Brahmer,rbrahmerlh@narod.ru,4.32,9.96,3.58,8
775,Dian,Confort,dconfortli@edublogs.org,7.55,8.92,7.92,7
776,Muffin,Dorracott,mdorracottlj@google.com.br,1.48,9.03,2.78,2
777,Ulberto,Eisikowitch,ueisikowitchlk@soundcloud.com,2.51,1.54,4.89,2
778,Frank,Plunkett,fplunkettll@merriam-webster.com,9.46,8.16,7.16,2
779,Alexei,Ullock,aullocklm@hao123.com,4.74,2.81,3.77,2
780,Jerrine,Critcher,jcritcherln@ning.com,8.06,3.02,9.97,1
781,Sharl,Abbay,sabbaylo@tripadvisor.com,4.10,6.92,5.18,8
782,Dniren,Rosenwasser,drosenwasserlp@yale.edu,5.93,2.02,6.33,5
783,Daisie,Eyden,deydenlq@amazon.de,1.89,9.73,9.03,1
784,Shandeigh,Bignall,sbignalllr@ftc.gov,1.18,5.10,9.22,1
785,Lyndel,Marty,lmartyls@npr.org,4.24,6.46,,1
786,Collen,Markovich,cmarkovichlt@nps.gov,7.11,8.61,9.42,1
787,Carine,Delve,cdelvelu@elpais.com,6.84,2.87,3.29,1
788,Ham,Wong,hwonglv@soup.io,8.03,3.15,1.34,2
789,Kaja,Espadate,kespadatelw@baidu.com,3.70,6.86,7.35,1
790,Keely,Sorbey,ksorbeylx@nbcnews.com,1.22,1.60,3.36,1
791,Walt,Holdin,wholdinly@gizmodo.com,4.87,8.53,3.37,2
792,Hernando,Ransome,hransomelz@state.tx.us,1.54,2.60,,2
793,Felice,Culshew,fculshewm0@craigslist.org,3.70,5.79,,1
794,Brittaney,Sawdy,bsawdym1@ucoz.com,7.44,3.01,5.71,1
795,Elysee,Ricca,ericcam2@stumbleupon.com,6.14,6.60,,1
796,Christiano,McParlin,cmcparlinm3@indiegogo.com,8.81,5.51,9.90,2
797,Nevins,Daice,ndaicem4@aol.com,3.14,3.21,5.36,2
798,Tamas,Longmore,tlongmorem5@nps.gov,9.84,4.46,3.86,6
799,Kalie,Eslemont,keslemontm6@un.org,1.53,5.16,,1
800,Filippo,Teece,fteecem7@upenn.edu,1.21,7.71,,3
801,Rebbecca,Silcocks,rsilcocksm8@va.gov,9.57,7.31,3.99,5
802,Lorinda,Pinnegar,lpinnegarm9@phoca.cz,2.57,4.70,,1
803,Bernarr,Childes,bchildesma@about.com,3.62,3.81,5.27,2
804,Currie,Blind,cblindmb@gravatar.com,5.79,5.32,9.99,2
805,Jermaine,Swinglehurst,jswinglehurstmc@bloglines.com,4.07,9.97,2.14,1
806,Chip,Mussen,cmussenmd@sciencedaily.com,1.67,2.03,2.79,2
807,Glen,Denton,gdentonme@hugedomains.com,1.49,7.17,1.44,2
808,Kristan,Toxell,ktoxellmf@hhs.gov,4.38,1.04,3.69,1
809,Winslow,Harget,whargetmg@printfriendly.com,4.73,8.06,7.12,2
810,Norbie,Scraggs,nscraggsmh@cdbaby.com,5.56,5.79,6.18,2
811,Nannette,Waby,nwabymi@blogspot.com,3.40,4.26,2.89,1
812,Reynolds,Ianizzi,rianizzimj@themeforest.net,4.71,5.02,,2
813,Blair,Chaundy,bchaundymk@ox.ac.uk,3.90,7.10,8.38,1
814,Bennie,Simmig,bsimmigml@quantcast.com,5.54,7.31,9.23,1
815,Sibley,Collington,scollingtonmm@hatena.ne.jp,3.17,6.12,2.12,1
816,Odette,Snelson,osnelsonmn@marriott.com,4.69,5.96,,1
817,Salmon,Serck,sserckmo@umich.edu,2.65,6.89,3.14,2
818,Millicent,Stummeyer,mstummeyermp@disqus.com,7.52,5.60,8.87,1
819,Francis,Moynihan,fmoynihanmq@weebly.com,9.61,6.89,,2
820,Ezmeralda,Cowing,ecowingmr@scientificamerican.com,6.11,1.70,8.02,1
821,Lanni,Matzkaitis,lmatzkaitisms@kickstarter.com,1.85,6.46,8.55,1
822,Dulcie,Bigrigg,dbigriggmt@dion.ne.jp,6.36,2.62,2.02,1
823,Michale,Hillin,mhillinmu@google.com.au,2.65,2.62,3.40,2
824,Ruby,Bohl,rbohlmv@sciencedirect.com,4.76,1.44,9.48,2
825,Edna,Caskey,ecaskeymw@sina.com.cn,8.31,3.62,,1
826,Jozef,Addess,jaddessmx@buzzfeed.com,3.13,5.73,5.53,2
827,Madelaine,Sarre,msarremy@123-reg.co.uk,7.29,9.18,8.36,1
828,Griffie,Juden,gjudenmz@jiathis.com,7.47,8.65,5.22,6
829,Sadye,Rogans,srogansn0@nbcnews.com,7.17,3.54,,1
830,Moria,Lyburn,mlyburnn1@youtube.com,6.32,5.43,8.55,1
831,Legra,Cowton,lcowtonn2@123-reg.co.uk,8.82,8.45,2.50,1
832,Perren,Lusher,plushern3@cnn.com,2.46,7.13,,5
833,Jorry,Behling,jbehlingn4@addtoany.com,3.77,4.38,,1
834,Patsy,Stonehouse,pstonehousen5@seattletimes.com,8.47,4.26,6.03,2
835,Trevar,Gaine,tgainen6@opensource.org,6.03,6.91,2.16,2
836,Darda,Brownsword,dbrownswordn7@globo.com,7.87,3.85,,1
837,Say,Abate,sabaten8@wikispaces.com,7.83,4.71,8.01,2
838,Jarrad,Creavan,jcreavann9@omniture.com,3.27,3.53,,2
839,Juliane,Simister,jsimisterna@amazonaws.com,6.95,1.82,4.01,1
840,Oby,Scading,oscadingnb@boston.com,8.58,4.99,3.48,2
841,Anna-maria,Allbones,aallbonesnc@ft.com,5.06,9.67,3.37,1
842,Isaac,Manus,imanusnd@unc.edu,8.52,8.16,8.46,2
843,Elenore,Alkins,ealkinsne@va.gov,9.32,4.35,3.53,1
844,Durante,Toten,dtotennf@latimes.com,9.52,1.80,1.43,2
845,Deb,Sallans,dsallansng@newsvine.com,2.53,4.40,8.13,1
846,Bendite,Moylane,bmoylanenh@mysql.com,6.95,7.59,5.37,1
847,Barbe,Chritchley,bchritchleyni@dell.com,3.89,5.92,,1
848,Doti,Samworth,dsamworthnj@hp.com,2.98,5.87,1.52,1
849,Garland,Morigan,gmorigannk@wisc.edu,6.39,2.29,4.61,1
850,Thorin,Bugby,tbugbynl@constantcontact.com,5.17,6.16,1.52,5
851,Dosi,MacGaughie,dmacgaughienm@free.fr,5.81,9.79,,4
852,Aguste,De Gowe,adegowenn@youku.com,1.20,8.48,5.73,2
853,Oran,Orford,oorfordno@arstechnica.com,7.21,4.60,9.45,2
854,Drusy,Leppo,dlepponp@hugedomains.com,2.89,8.89,6.49,1
855,Cleo,Chuney,cchuneynq@vimeo.com,1.43,6.47,5.47,1
856,Ingrim,Stubbington,istubbingtonnr@cnbc.com,5.24,5.96,4.94,2
857,Christin,Whistlecroft,cwhistlecroftns@simplemachines.org,6.10,6.93,4.97,1
858,Nichole,Cecchi,ncecchint@apple.com,3.82,2.13,3.88,1
859,Ariel,Stallon,astallonnu@shop-pro.jp,4.80,6.49,7.01,2
860,Stevena,Saull,ssaullnv@printfriendly.com,6.47,4.66,9.03,1
861,Ado,Armistead,aarmisteadnw@gravatar.com,1.15,1.85,,2
862,Arabela,Cattanach,acattanachnx@huffingtonpost.com,1.13,2.27,1.10,1
863,Rafael,Vina,rvinany@360.cn,5.37,7.30,,2
864,Roanna,Eakeley,reakeleynz@example.com,4.57,8.51,9.54,1
865,Renato,Galpen,rgalpeno0@disqus.com,1.78,5.89,,2
866,Gav,Cloonan,gcloonano1@com.com,3.25,9.26,3.44,2
867,Fanchon,Eskrigg,feskriggo2@newyorker.com,8.32,9.90,4.16,1
868,Ruby,Bummfrey,rbummfreyo3@free.fr,4.61,3.36,5.35,2
869,Joella,Ewols,jewolso4@gmpg.org,8.70,7.61,1.08,1
870,Silvia,Tabbernor,stabbernoro5@infoseek.co.jp,3.35,4.42,,1
871,Johnathan,Emor,jemoro6@altervista.org,6.96,1.57,,2
872,Davidson,Cobb,dcobbo7@privacy.gov.au,4.71,9.01,4.24,2
873,Larina,Tunkin,ltunkino8@berkeley.edu,4.29,3.42,9.15,1
874,Selma,Matkovic,smatkovico9@reverbnation.com,6.48,5.33,3.88,1
875,Colver,Dionisii,cdionisiioa@washington.edu,5.89,8.66,,2
876,Dyane,Chaundy,dchaundyob@flickr.com,1.63,8.28,6.60,1
877,Charisse,Gornall,cgornalloc@indiatimes.com,5.88,1.25,,1
878,Silvie,Leheude,sleheudeod@arstechnica.com,9.75,2.19,5.11,1
879,Millard,Sime,msimeoe@jiathis.com,5.65,1.41,1.94,2
880,Syd,Forster,sforsterof@amazon.co.jp,4.77,2.87,6.99,2
881,Egbert,Torrent,etorrentog@narod.ru,6.45,6.57,5.53,2
882,Thurston,Albertson,talbertsonoh@apache.org,3.18,3.64,6.31,2
883,Dannel,Aldrick,daldrickoi@wp.com,3.52,2.64,8.17,2
884,Dannie,Kearey,dkeareyoj@ehow.com,5.41,7.18,6.55,2
885,Davita,Shillaker,dshillakerok@google.com.br,6.31,9.62,2.41,1
886,Carling,Ojeda,cojedaol@qq.com,2.67,1.47,3.59,2
887,Flossi,Alexander,falexanderom@discovery.com,6.35,5.58,7.30,1
888,Mycah,Remmer,mremmeron@noaa.gov,1.16,2.05,,2
889,Boot,Matskevich,bmatskevichoo@xinhuanet.com,2.47,1.16,,2
890,Duncan,Currom,dcurromop@jiathis.com,5.89,1.80,3.27,2
891,Hanson,Whitefoot,hwhitefootoq@phpbb.com,7.16,4.29,7.68,2
892,Fin,Champneys,fchampneysor@furl.net,4.44,2.12,6.08,2
893,Charmane,Sheards,csheardsos@youtube.com,8.38,2.76,,1
894,Lena,Haine,lhaineot@paginegialle.it,4.17,8.63,8.01,1
895,Austin,Philippou,aphilippouou@naver.com,6.62,6.40,3.41,1
896,Stu,Rasch,sraschov@hc360.com,5.23,1.01,3.46,2
897,Korey,Alekhov,kalekhovow@mediafire.com,5.31,2.09,6.18,2
898,Gelya,Ert,gertox@instagram.com,6.47,2.61,5.13,1
899,Joanie,Bowich,jbowichoy@slashdot.org,2.63,6.26,,1
900,Alano,Hance,ahanceoz@studiopress.com,7.00,4.77,,2
901,Symon,Lennard,slennardp0@epa.gov,4.12,9.13,6.81,2
902,Krisha,Seagrave,kseagravep1@mashable.com,1.76,5.91,5.33,2
903,Dana,Kalkhoven,dkalkhovenp2@accuweather.com,1.53,9.14,4.26,2
904,Kristen,Goard,kgoardp3@bloglines.com,2.96,2.17,7.19,1
905,Micky,Axton,maxtonp4@auda.org.au,3.34,1.54,7.34,6
906,Lara,Charter,lcharterp5@php.net,1.95,2.14,7.95,1
907,Haily,Limpenny,hlimpennyp6@reference.com,6.94,7.14,,1
908,Jay,Pote,jpotep7@xrea.com,2.74,8.74,,2
909,Jody,Alves,jalvesp8@imdb.com,8.10,7.74,8.70,4
910,Grissel,Vernazza,gvernazzap9@reference.com,6.62,1.17,4.98,1
911,Tildi,Kinman,tkinmanpa@prnewswire.com,7.40,7.50,5.56,1
912,Ulrica,Stanaway,ustanawaypb@fotki.com,1.77,5.24,1.86,1
913,Shawn,Dinkin,sdinkinpc@disqus.com,7.00,2.58,2.25,2
914,Brendin,Douglas,bdouglaspd@amazonaws.com,2.15,3.43,2.82,7
915,Aube,Middlemist,amiddlemistpe@ucoz.com,1.26,4.67,7.13,2
916,Rockie,Short,rshortpf@jalbum.net,9.55,2.05,,2
917,Mark,Senner,msennerpg@bing.com,1.59,8.47,9.04,2
918,Antoni,Cartmael,acartmaelph@mtv.com,7.03,9.77,4.88,2
919,Charisse,Woodlands,cwoodlandspi@tuttocitta.it,5.48,4.47,2.98,1
920,Pooh,Flagg,pflaggpj@unc.edu,1.64,6.13,5.48,1
921,Arlyne,Loughren,aloughrenpk@scientificamerican.com,2.83,9.57,7.24,1
922,Raychel,Bullough,rbulloughpl@umich.edu,5.80,5.67,,1
923,Haily,Glasman,hglasmanpm@foxnews.com,3.35,3.78,6.84,1
924,Shalna,Yurin,syurinpn@hc360.com,1.20,7.36,3.31,1
925,Pattin,Sillitoe,psillitoepo@wired.com,1.57,6.14,,3
926,Stephie,Troop,strooppp@vimeo.com,3.80,7.75,5.03,4
927,Laureen,Cona,lconapq@studiopress.com,8.86,9.56,8.88,1
928,Bird,Bonefant,bbonefantpr@time.com,3.77,2.40,,1
929,Eveleen,Dadson,edadsonps@webeden.co.uk,2.29,2.32,1.73,1
930,Gardy,Santer,gsanterpt@mozilla.com,6.70,3.94,8.72,2
931,Noell,Ginner,nginnerpu@hc360.com,3.17,2.70,6.21,1
932,Chad,Gillan,cgillanpv@goodreads.com,3.42,5.56,2.26,1
933,Erastus,Jeannon,ejeannonpw@xinhuanet.com,1.43,7.46,6.54,2
934,Evanne,Cavie,ecaviepx@shareasale.com,7.89,2.45,5.05,1
935,Clemente,Hardin,chardinpy@europa.eu,4.85,3.33,1.85,2
936,Harwilll,Valentine,hvalentinepz@tiny.cc,6.24,5.99,5.74,2
937,Chickie,Howkins,chowkinsq0@imageshack.us,2.28,3.55,1.45,2
938,Page,Shortland,pshortlandq1@amazon.de,6.07,2.87,6.61,1
939,Alf,Trenaman,atrenamanq2@newsvine.com,2.57,5.48,6.77,2
940,Barbabas,Busfield,bbusfieldq3@redcross.org,1.74,8.19,7.43,2
941,Ernest,Blum,eblumq4@statcounter.com,1.46,4.66,,2
942,Sidonia,Keane,skeaneq5@tmall.com,3.71,7.37,8.77,3
943,Muire,Regnard,mregnardq6@umich.edu,1.96,1.74,7.64,7
944,Eirena,Willimont,ewillimontq7@printfriendly.com,6.31,8.13,9.74,1
945,Micheal,Burress,mburressq8@twitter.com,9.04,2.44,3.45,2
946,Annecorinne,Grube,agrubeq9@free.fr,9.65,5.84,3.85,1
947,Jaine,Nunns,jnunnsqa@mail.ru,5.87,4.00,3.96,1
948,Wallis,Fear,wfearqb@tinyurl.com,1.53,3.14,7.51,1
949,Gilberta,Jewess,gjewessqc@apple.com,1.49,7.94,9.59,1
950,Liesa,Ivankov,livankovqd@people.com.cn,1.00,1.65,,1
951,Moreen,Cazalet,mcazaletqe@xrea.com,1.91,2.09,,1
952,Zachariah,Trounson,ztrounsonqf@geocities.com,4.52,4.79,9.46,2
953,Evanne,Castelletto,ecastellettoqg@who.int,7.07,3.98,4.71,1
954,Jarrett,Fludder,jfludderqh@huffingtonpost.com,8.81,7.96,6.40,2
955,Jada,Chazelle,jchazelleqi@fc2.com,1.24,3.00,9.16,1
956,Maxine,McCrea,mmccreaqj@yelp.com,5.33,3.33,5.36,1
957,Kimble,Marcus,kmarcusqk@ted.com,3.57,1.19,3.17,2
958,Sherwynd,Brecknall,sbrecknallql@dot.gov,1.00,1.22,2.63,2
959,Cello,Guildford,cguildfordqm@bloglines.com,7.90,4.14,2.04,2
960,Menard,Krook,mkrookqn@live.com,7.77,7.50,9.86,2
961,Idell,Brandenberg,ibrandenbergqo@zimbio.com,5.27,6.76,,1
962,Shela,Bartholat,sbartholatqp@unesco.org,8.79,5.53,3.38,1
963,Edan,Croal,ecroalqq@pen.io,9.11,8.92,5.16,2
964,Salvador,Barhams,sbarhamsqr@google.co.uk,6.97,3.36,,2
965,Lorna,Gludor,lgludorqs@ihg.com,8.37,6.01,6.19,1
966,Brunhilde,Adshead,badsheadqt@baidu.com,8.65,9.29,2.96,1
967,Zeb,Monkeman,zmonkemanqu@furl.net,3.54,8.41,,2
968,Dilly,Collin,dcollinqv@ucla.edu,7.20,2.18,7.73,2
969,Giovanna,Stockney,gstockneyqw@dyndns.org,3.52,1.71,3.62,1
970,Zed,Lathbury,zlathburyqx@mit.edu,4.42,1.76,9.73,2
971,Tally,Gierardi,tgierardiqy@issuu.com,4.21,8.62,7.58,1
972,Karoly,Miller,kmillerqz@posterous.com,5.14,9.54,3.89,1
973,Joela,Pass,jpassr0@chron.com,5.31,5.58,3.26,1
974,Alexandre,Klehn,aklehnr1@amazon.com,6.27,3.73,8.95,2
975,Janek,Rigler,jriglerr2@booking.com,7.25,1.36,,2
976,Bibbie,Agastina,bagastinar3@foxnews.com,7.09,6.02,,1
977,Thane,Stobbs,tstobbsr4@nsw.gov.au,3.13,8.71,9.85,2
978,Ed,Rousel,erouselr5@cmu.edu,6.74,4.68,,2
979,Lenka,Edeson,ledesonr6@engadget.com,7.95,2.60,,1
980,Gillie,Davidman,gdavidmanr7@mysql.com,3.67,8.07,2.56,1
981,Iorgo,Mussard,imussardr8@guardian.co.uk,9.51,9.37,4.86,2
982,Daryl,Toghill,dtoghillr9@earthlink.net,6.26,7.72,5.18,2
983,Lorelei,Kettlestringes,lkettlestringesra@blog.com,5.34,2.31,5.33,1
984,Redford,Fort,rfortrb@cdc.gov,9.03,8.64,1.38,8
985,Mic,Treneer,mtreneerrc@cafepress.com,1.03,2.72,5.01,8
986,Care,Momery,cmomeryrd@statcounter.com,9.68,7.50,8.00,2
987,Ree,Versey,rverseyre@uol.com.br,1.12,2.95,7.29,3
988,Kandace,Godbolt,kgodboltrf@newsvine.com,4.65,9.26,,1
989,Nolie,Moulden,nmouldenrg@is.gd,5.50,4.14,9.59,1
990,Ninnette,Ebbage,nebbagerh@blogs.com,7.55,5.16,2.08,1
991,Kalli,Godlonton,kgodlontonri@businessweek.com,2.70,6.90,7.11,1
992,Kile,Pavel,kpavelrj@networksolutions.com,6.88,9.36,9.96,2
993,Carey,Amphlett,camphlettrk@fotki.com,9.89,8.22,,2
994,Horace,Balcers,hbalcersrl@cocolog-nifty.com,8.56,3.08,,2
995,Krishna,Kitchingman,kkitchingmanrm@jimdo.com,8.94,1.34,7.11,2
996,Van,Rounding,vroundingrn@ycombinator.com,1.16,4.23,4.26,2
997,Janeta,Farney,jfarneyro@prnewswire.com,3.71,8.17,4.41,1
998,Jamill,Vernazza,jvernazzarp@typepad.com,1.40,6.80,5.56,2
999,Storm,Venus,svenusrq@samsung.com,1.71,2.37,1.74,1
1000,Willy,Schelle,wschellerr@washingtonpost.com,5.95,5.68,5.25,4
